{
	"format_version": "1.8.0",
	"animations": {
		"sweep_arena": {
			"loop": "hold_on_last_frame",
			"animation_length": 8,
			"bones": {
				"rightArm": {
					"rotation": {
						"0.5": {
							"vector": [20.1834, -60.5568, -97.2869]
						},
						"0.5417": [-3.21714, -58.0586, -90.83565],
						"0.5833": [-19.32315, -53.8376, -78.16292],
						"0.625": [-31.45942, -49.10765, -65.03944],
						"0.6667": [-41.03416, -44.17751, -52.97565],
						"0.7083": [-48.78493, -39.1797, -42.17491],
						"0.75": [-55.14641, -34.18562, -32.54725],
						"0.7917": [-60.40292, -29.23853, -23.94863],
						"0.8333": [-64.75071, -24.3677, -16.24514],
						"0.875": [-68.33728, -19.59413, -9.32631],
						"0.9167": [-71.26632, -14.9328, -3.09294],
						"0.9583": [-73.62644, -10.39712, 2.52837],
						"1.0": [-75.48296, -5.99676, 7.60805],
						"1.0417": [-76.89257, -1.74051, 12.19723],
						"1.0833": [-77.90046, 2.36273, 16.34451],
						"1.125": [-78.54513, 6.30706, 20.08563],
						"1.1667": [-78.85493, 10.08498, 23.45973],
						"1.2083": [-78.86189, 13.69114, 26.49369],
						"1.25": [-78.58853, 17.11798, 29.21199],
						"1.2917": [-78.05497, 20.35997, 31.63777],
						"1.3333": [-77.2799, 23.41138, 33.7929],
						"1.375": [-76.28071, 26.26604, 35.69407],
						"1.4167": [-75.06965, 28.91783, 37.3565],
						"1.4583": [-73.66108, 31.36056, 38.794],
						"1.5": [-72.06548, 33.58685, 40.02154],
						"1.5417": [-70.29555, 35.59016, 41.04968],
						"1.5833": [-68.35912, 37.36451, 41.88853],
						"1.625": [-66.26352, 38.90309, 42.54776],
						"1.6667": [-64.01865, 40.19584, 43.03663],
						"1.7083": [-61.63161, 41.23667, 43.36398],
						"1.75": {
							"vector": [-59.1092, 42.0187, 43.5383]
						},
						"1.7917": [-58.98043, 42.1071, 43.5383],
						"2.3333": [-56.54412, 42.35425, 43.5383],
						"2.875": [-53.98779, 42.36923, 43.5383],
						"3.4167": [-51.41079, 42.31999, 43.5383],
						"3.9583": [-48.83523, 42.23554, 43.5383],
						"4.5": [-46.28556, 42.1277, 43.5383],
						"4.9583": [-44.23797, 42.02568, 43.5383],
						"5.0": {
							"vector": [-44.1092, 42.0187, 43.5383]
						},
						"5.0417": [-44.94445, 40.72429, 42.82739],
						"5.0833": [-47.12522, 37.72442, 41.10252],
						"5.125": [-50.07403, 33.67869, 38.69172],
						"5.1667": [-53.25864, 28.88581, 35.75054],
						"5.2083": [-56.30561, 23.5041, 32.35866],
						"5.25": [-59.00277, 17.61911, 28.55019],
						"5.2917": [-61.2523, 11.2666, 24.32351],
						"5.3333": [-63.02441, 4.42777, 19.63372],
						"5.375": {
							"vector": [-64.3255, -3.0331, 14.3582]
						},
						"5.4167": [-63.48505, -10.52753, 8.86297],
						"5.4583": [-62.66288, -18.67362, 3.90369],
						"5.5": [-61.86256, -23.86799, -0.38762],
						"5.5417": [-61.08757, -27.18818, -4.03425],
						"5.5833": [-60.34091, -29.51842, -7.10988],
						"5.625": [-59.62438, -31.25337, -9.69327],
						"5.6667": [-58.93819, -32.59164, -11.85553],
						"5.7083": [-58.2808, -33.64539, -13.65565],
						"5.75": [-57.64916, -34.4848, -15.14282],
						"5.7917": [-57.03922, -35.15621, -16.35721],
						"5.8333": [-56.44672, -35.69175, -17.33179],
						"5.875": [-55.86759, -36.11545, -18.09406],
						"5.9167": [-55.29828, -36.44511, -18.66694],
						"5.9583": [-54.73589, -36.6939, -19.06971],
						"6.0": {
							"vector": [-54.1781, -36.8731, -19.3192]
						}
					}
				},
				"rightForearm": {
					"rotation": {
						"0.5": {
							"vector": [-35, 0, 0]
						},
						"1.75": {
							"vector": [0, 0, 0]
						}
					}
				},
				"rightHand": {
					"rotation": {
						"3.0": {
							"vector": [0, 0, 0]
						},
						"5.0": {
							"vector": [70, 0, 0]
						}
					}
				},
				"root": {
					"rotation": {
						"vector": [0, -17.5, 0]
					},
					"position": {
						"0.5": {
							"vector": [6, -28, 7]
						},
						"1.0": {
							"vector": [6, -28, 5]
						},
						"6.5": {
							"vector": [6, -28, 5]
						},
						"7.0": {
							"vector": [6, -28, 12]
						}
					}
				},
				"rightArmRotator": {
					"rotation": {
						"0.5": {
							"vector": [0, -90, 0]
						},
						"1.25": {
							"vector": [0, -90, 0]
						},
						"1.5833": {
							"vector": [0, 0, 0]
						},
						"4.0": {
							"vector": [0, 45, 0]
						},
						"6.0": {
							"vector": [0, 75, 0]
						}
					}
				}
			},
			"particle_effects": {},
			"timeline": {
				"1.25": "showWeapon;"
			}
		}
	}
}